<?xml version="1.0"?>
<palette guid="9e236e0b-7831-4fb0-8639-6bc7e10b1a44" name="Document Palette"><colors><page><color cs="RGB" name="40% Black" tints="0.6,0.6,0.6"/><color cs="RGB" name="Green" tints="0,1,0"/><color cs="RGB" name="80% Black" tints="0.2,0.2,0.2"/><color cs="RGB" name="Mint Green" tints="0.6,1,0.6"/><color cs="RGB" name="Walnut" tints="0.4,0.2,0"/><color cs="RGB" name="Black" tints="0,0,0"/><color cs="RGB" name="Yellow" tints="1,1,0"/><color cs="RGB" name="R242 G150 B49" tints="0.94902,0.588235,0.192157"/><color cs="RGB" name="R242 G103 B106" tints="0.94902,0.403922,0.415686"/><color cs="RGB" name="Dark Brown" tints="0.4,0.2,0.2"/><color cs="RGB" name="Baby Blue" tints="0.4,0.6,1"/><color cs="RGB" name="Sea Green" tints="0.2,0.8,0.6"/><color cs="RGB" name="R163 G60 B113" tints="0.639216,0.235294,0.443137"/><color cs="RGB" name="R114 G141 B188" tints="0.447059,0.552941,0.737255"/><color cs="RGB" name="Murky Green" tints="0.2,0.2,0"/><color cs="RGB" name="Plum" tints="0.4,0,0.4"/><color cs="RGB" name="Olive Drab" tints="0.4,0.4,0.2"/><color cs="RGB" name="R75 G73 B136" tints="0.294118,0.286275,0.533333"/></page></colors></palette>
